,id,year,month,day,prcp,tmax,tmin,rhigh,nhigh,rlow,nlow,cumprcp,monthprcp,meanprcp,date
46370,USW00094728,2003,1,1,1.51968586,50.0,35.96,62.06,40.36871428571428,-4.0,27.67357142857143,1.51968586,2.3070878600000007,3.4814728092878546,2003-01-01 00:00:00
46371,USW00094728,2003,1,2,0.07086618,37.04,28.94,68.0,39.55093525179856,1.9400000000000013,27.12834532374101,1.59055204,2.3070878600000007,3.4814728092878546,2003-01-02 00:00:00
46372,USW00094728,2003,1,3,0.40944904000000004,33.98,28.94,64.03999999999999,38.39771428571429,-4.0,27.190142857142856,2.00000108,2.3070878600000007,3.4814728092878546,2003-01-03 00:00:00
46373,USW00094728,2003,1,4,0.03149608,35.96,30.92,66.02,38.282,-2.9200000000000017,26.593571428571426,2.0314971600000002,2.3070878600000007,3.4814728092878546,2003-01-04 00:00:00
46374,USW00094728,2003,1,5,0.09055123000000001,35.96,32.0,64.03999999999999,38.69857142857143,-4.0,26.426428571428566,2.1220483900000002,2.3070878600000007,3.4814728092878546,2003-01-05 00:00:00
46375,USW00094728,2003,1,6,0.05905515000000001,33.98,30.02,71.96000000000001,39.53942857142857,-2.019999999999996,27.219714285714282,2.18110354,2.3070878600000007,3.4814728092878546,2003-01-06 00:00:00
46376,USW00094728,2003,1,7,0.0,30.02,26.060000000000002,64.03999999999999,39.31571428571428,4.100000000000001,28.0568345323741,2.18110354,2.3070878600000007,3.4814728092878546,2003-01-07 00:00:00
46377,USW00094728,2003,1,8,0.019685050000000003,42.980000000000004,26.96,64.94,37.96442857142857,1.9400000000000013,26.160285714285717,2.20078859,2.3070878600000007,3.4814728092878546,2003-01-08 00:00:00
46378,USW00094728,2003,1,9,0.0,50.0,37.94,64.03999999999999,37.985,-0.9399999999999977,25.937857142857144,2.20078859,2.3070878600000007,3.4814728092878546,2003-01-09 00:00:00
46379,USW00094728,2003,1,10,0.0,48.019999999999996,30.92,60.08,37.65200000000001,1.0400000000000027,25.970000000000002,2.20078859,2.3070878600000007,3.4814728092878546,2003-01-10 00:00:00
46380,USW00094728,2003,1,11,0.0,32.0,24.98,62.959999999999994,37.55685714285714,3.0199999999999996,25.791285714285713,2.20078859,2.3070878600000007,3.4814728092878546,2003-01-11 00:00:00
46381,USW00094728,2003,1,12,0.0,35.06,23.0,64.03999999999999,38.224142857142866,1.9400000000000013,25.777142857142856,2.20078859,2.3070878600000007,3.4814728092878546,2003-01-12 00:00:00
46382,USW00094728,2003,1,13,0.0,39.92,24.98,68.0,38.09685714285715,-2.9200000000000017,25.365899280575537,2.20078859,2.3070878600000007,3.4814728092878546,2003-01-13 00:00:00
46383,USW00094728,2003,1,14,0.0,28.04,19.94,69.97999999999999,38.138,-5.079999999999998,25.454428571428572,2.20078859,2.3070878600000007,3.4814728092878546,2003-01-14 00:00:00
46384,USW00094728,2003,1,15,0.0,30.02,21.92,66.92,38.01122302158273,-0.03999999999999915,25.381142857142855,2.20078859,2.3070878600000007,3.4814728092878546,2003-01-15 00:00:00
46385,USW00094728,2003,1,16,0.01181103,28.94,19.04,57.92,37.54142857142857,1.0400000000000027,24.578857142857142,2.21259962,2.3070878600000007,3.4814728092878546,2003-01-16 00:00:00
46386,USW00094728,2003,1,17,0.03149608,30.02,10.940000000000001,62.959999999999994,37.824285714285715,-2.019999999999996,24.49142857142857,2.2440957000000004,2.3070878600000007,3.4814728092878546,2003-01-17 00:00:00
46387,USW00094728,2003,1,18,0.0,21.02,6.98,66.02,38.14185714285714,-0.03999999999999915,24.926,2.2440957000000004,2.3070878600000007,3.4814728092878546,2003-01-18 00:00:00
46388,USW00094728,2003,1,19,0.0,28.04,17.060000000000002,64.03999999999999,37.44499999999999,-2.019999999999996,24.716428571428573,2.2440957000000004,2.3070878600000007,3.4814728092878546,2003-01-19 00:00:00
46389,USW00094728,2003,1,20,0.0,32.0,19.04,60.980000000000004,38.120000000000005,-0.03999999999999915,25.142,2.2440957000000004,2.3070878600000007,3.4814728092878546,2003-01-20 00:00:00
46390,USW00094728,2003,1,21,0.0,26.060000000000002,15.98,62.959999999999994,38.152142857142856,-2.019999999999996,25.692285714285713,2.2440957000000004,2.3070878600000007,3.4814728092878546,2003-01-21 00:00:00
46391,USW00094728,2003,1,22,0.0,21.92,10.940000000000001,60.980000000000004,39.2,-0.03999999999999915,25.747571428571426,2.2440957000000004,2.3070878600000007,3.4814728092878546,2003-01-22 00:00:00
46392,USW00094728,2003,1,23,0.0,19.94,8.96,62.06,39.473237410071945,-2.9200000000000017,25.712857142857143,2.2440957000000004,2.3070878600000007,3.4814728092878546,2003-01-23 00:00:00
46393,USW00094728,2003,1,24,0.0,26.96,6.98,68.0,37.86618705035971,-5.979999999999997,25.456546762589927,2.2440957000000004,2.3070878600000007,3.4814728092878546,2003-01-24 00:00:00
46394,USW00094728,2003,1,25,0.0,30.92,19.94,60.08,38.45942857142857,1.9400000000000013,25.586857142857145,2.2440957000000004,2.3070878600000007,3.4814728092878546,2003-01-25 00:00:00
46395,USW00094728,2003,1,26,0.03149608,33.98,26.96,71.96000000000001,38.051857142857145,3.0199999999999996,24.520999999999997,2.2755917800000005,2.3070878600000007,3.4814728092878546,2003-01-26 00:00:00
46396,USW00094728,2003,1,27,0.01181103,28.04,8.060000000000002,80.96000000000001,38.19199999999999,-0.9399999999999977,24.20342857142857,2.2874028100000006,2.3070878600000007,3.4814728092878546,2003-01-27 00:00:00
46397,USW00094728,2003,1,28,0.0,24.98,6.98,66.02,36.99885714285714,-2.019999999999996,24.27285714285714,2.2874028100000006,2.3070878600000007,3.4814728092878546,2003-01-28 00:00:00
46398,USW00094728,2003,1,29,0.0,33.08,24.98,69.08,36.617,1.0400000000000027,24.63035971223022,2.2874028100000006,2.3070878600000007,3.4814728092878546,2003-01-29 00:00:00
46399,USW00094728,2003,1,30,0.0,33.98,24.98,64.03999999999999,37.72785714285714,3.9200000000000017,25.000719424460435,2.2874028100000006,2.3070878600000007,3.4814728092878546,2003-01-30 00:00:00
46400,USW00094728,2003,1,31,0.019685050000000003,37.94,32.0,62.959999999999994,37.68414285714285,-0.9399999999999977,24.53,2.3070878600000007,2.3070878600000007,3.4814728092878546,2003-01-31 00:00:00
46401,USW00094728,2003,2,1,0.019685050000000003,37.04,33.98,66.92,37.581285714285706,-2.019999999999996,24.55185714285714,0.019685050000000003,4.5472465500000006,3.332781050384518,2003-02-01 00:00:00
46402,USW00094728,2003,2,2,0.0,44.96,37.04,59.0,37.82557142857143,-2.9200000000000017,24.060714285714283,0.019685050000000003,4.5472465500000006,3.332781050384518,2003-02-02 00:00:00
46403,USW00094728,2003,2,3,0.0,50.0,35.96,64.03999999999999,37.14542857142857,-0.03999999999999915,24.099285714285713,0.019685050000000003,4.5472465500000006,3.332781050384518,2003-02-03 00:00:00
46404,USW00094728,2003,2,4,0.18110246000000002,48.019999999999996,37.04,68.0,36.77514285714286,-0.03999999999999915,24.094142857142852,0.20078751000000003,4.5472465500000006,3.332781050384518,2003-02-04 00:00:00
46405,USW00094728,2003,2,5,0.0,37.04,26.060000000000002,69.97999999999999,36.06157142857142,-5.979999999999997,23.18128571428571,0.20078751000000003,4.5472465500000006,3.332781050384518,2003-02-05 00:00:00
46406,USW00094728,2003,2,6,0.0,32.0,21.02,68.0,37.68928571428572,-4.0,24.513285714285715,0.20078751000000003,4.5472465500000006,3.332781050384518,2003-02-06 00:00:00
46407,USW00094728,2003,2,7,0.38976399000000006,33.08,24.08,53.96,38.52242857142857,1.0400000000000027,25.982857142857146,0.5905515000000001,4.5472465500000006,3.332781050384518,2003-02-07 00:00:00
46408,USW00094728,2003,2,8,0.0,28.94,19.04,60.980000000000004,37.73685714285714,-7.059999999999995,24.97357142857143,0.5905515000000001,4.5472465500000006,3.332781050384518,2003-02-08 00:00:00
46409,USW00094728,2003,2,9,0.0,35.96,21.92,62.959999999999994,37.74842857142856,-14.979999999999997,24.93757142857143,0.5905515000000001,4.5472465500000006,3.332781050384518,2003-02-09 00:00:00
46410,USW00094728,2003,2,10,0.14960638,37.04,30.92,60.980000000000004,38.288345323741005,-5.979999999999997,25.154820143884894,0.7401578800000002,4.5472465500000006,3.332781050384518,2003-02-10 00:00:00
46411,USW00094728,2003,2,11,0.0,32.0,15.080000000000002,64.94,38.27042857142857,-2.019999999999996,24.735714285714284,0.7401578800000002,4.5472465500000006,3.332781050384518,2003-02-11 00:00:00
46412,USW00094728,2003,2,12,0.0,33.08,21.02,62.06,37.56585714285715,-2.9200000000000017,24.72285714285714,0.7401578800000002,4.5472465500000006,3.332781050384518,2003-02-12 00:00:00
46413,USW00094728,2003,2,13,0.0,24.08,17.060000000000002,64.03999999999999,38.25628571428571,-0.9399999999999977,25.333571428571428,0.7401578800000002,4.5472465500000006,3.332781050384518,2003-02-13 00:00:00
46414,USW00094728,2003,2,14,0.0,30.02,15.080000000000002,62.959999999999994,40.10257142857143,1.9400000000000013,26.239999999999995,0.7401578800000002,4.5472465500000006,3.332781050384518,2003-02-14 00:00:00
46415,USW00094728,2003,2,15,0.0,30.02,12.920000000000002,73.03999999999999,40.755714285714284,-7.960000000000001,26.571714285714286,0.7401578800000002,4.5472465500000006,3.332781050384518,2003-02-15 00:00:00
46416,USW00094728,2003,2,16,0.25984266,15.080000000000002,8.060000000000002,71.06,39.09457142857143,1.0400000000000027,25.583000000000002,1.0000005400000003,4.5472465500000006,3.332781050384518,2003-02-16 00:00:00
46417,USW00094728,2003,2,17,1.4881897800000001,26.060000000000002,14.0,66.92,39.397999999999996,-5.079999999999998,25.863285714285713,2.48819032,4.5472465500000006,3.332781050384518,2003-02-17 00:00:00
46418,USW00094728,2003,2,18,0.03149608,33.98,23.0,68.0,40.67728571428571,-0.03999999999999915,26.87771428571428,2.5196864000000003,4.5472465500000006,3.332781050384518,2003-02-18 00:00:00
46419,USW00094728,2003,2,19,0.0,41.0,28.94,66.02,41.21085714285714,1.0400000000000027,26.80442857142857,2.5196864000000003,4.5472465500000006,3.332781050384518,2003-02-19 00:00:00
46420,USW00094728,2003,2,20,0.0,50.0,35.96,69.08,40.880428571428574,2.120000000000001,27.537285714285712,2.5196864000000003,4.5472465500000006,3.332781050384518,2003-02-20 00:00:00
46421,USW00094728,2003,2,21,0.0,50.0,33.98,68.0,40.76085714285714,3.9200000000000017,27.46785714285714,2.5196864000000003,4.5472465500000006,3.332781050384518,2003-02-21 00:00:00
46422,USW00094728,2003,2,22,1.4881897800000001,42.08,35.96,69.08,42.67014285714286,8.060000000000002,28.79471428571429,4.00787618,4.5472465500000006,3.332781050384518,2003-02-22 00:00:00
46423,USW00094728,2003,2,23,0.5393703700000001,44.06,30.02,69.97999999999999,41.69428571428572,5.0,28.00014285714286,4.5472465500000006,4.5472465500000006,3.332781050384518,2003-02-23 00:00:00
46424,USW00094728,2003,2,24,0.0,35.06,24.98,75.02,41.56700000000001,1.9400000000000013,27.546285714285712,4.5472465500000006,4.5472465500000006,3.332781050384518,2003-02-24 00:00:00
46425,USW00094728,2003,2,25,0.0,33.98,19.94,75.02,42.30628571428572,1.0400000000000027,27.92814285714286,4.5472465500000006,4.5472465500000006,3.332781050384518,2003-02-25 00:00:00
46426,USW00094728,2003,2,26,0.0,21.92,15.98,64.94,41.21471428571428,6.98,27.672285714285714,4.5472465500000006,4.5472465500000006,3.332781050384518,2003-02-26 00:00:00
46427,USW00094728,2003,2,27,0.0,32.0,21.02,71.96000000000001,41.770142857142865,5.0,27.870285714285714,4.5472465500000006,4.5472465500000006,3.332781050384518,2003-02-27 00:00:00
46428,USW00094728,2003,2,28,0.0,37.94,28.04,66.92,42.22785714285714,5.0,28.371714285714287,4.5472465500000006,4.5472465500000006,3.332781050384518,2003-02-28 00:00:00
46429,USW00094728,2003,3,1,0.0,39.92,33.08,73.03999999999999,42.737,5.0,29.008142857142857,0.0,4.570868610000001,4.008240936400092,2003-03-01 00:00:00
46430,USW00094728,2003,3,2,0.64173263,44.06,35.96,71.96000000000001,43.383714285714284,8.96,30.104857142857146,0.64173263,4.570868610000001,4.008240936400092,2003-03-02 00:00:00
46431,USW00094728,2003,3,3,0.0,39.019999999999996,10.940000000000001,64.94,43.41457142857143,10.940000000000001,29.606,0.64173263,4.570868610000001,4.008240936400092,2003-03-03 00:00:00
46432,USW00094728,2003,3,4,0.0,39.92,15.98,69.97999999999999,42.54542857142857,6.98,29.170503597122302,0.64173263,4.570868610000001,4.008240936400092,2003-03-04 00:00:00
46433,USW00094728,2003,3,5,0.42913409,51.08,35.96,71.96000000000001,44.77614285714286,8.96,30.298999999999996,1.0708667200000002,4.570868610000001,4.008240936400092,2003-03-05 00:00:00
46434,USW00094728,2003,3,6,0.57086645,44.06,19.04,68.0,44.31842857142857,10.04,30.47128571428571,1.6417331700000002,4.570868610000001,4.008240936400092,2003-03-06 00:00:00
46435,USW00094728,2003,3,7,0.0,33.08,15.98,73.94,45.22485714285714,6.98,30.319571428571425,1.6417331700000002,4.570868610000001,4.008240936400092,2003-03-07 00:00:00
46436,USW00094728,2003,3,8,0.0,48.019999999999996,30.02,75.92,44.677142857142854,8.060000000000002,30.871142857142857,1.6417331700000002,4.570868610000001,4.008240936400092,2003-03-08 00:00:00
46437,USW00094728,2003,3,9,0.0,51.08,23.0,69.08,45.536,10.940000000000001,30.827428571428573,1.6417331700000002,4.570868610000001,4.008240936400092,2003-03-09 00:00:00
46438,USW00094728,2003,3,10,0.0,28.94,19.04,73.94,45.83042857142857,12.02,31.544172661870505,1.6417331700000002,4.570868610000001,4.008240936400092,2003-03-10 00:00:00
46439,USW00094728,2003,3,11,0.0,39.019999999999996,21.92,73.03999999999999,45.923,14.0,31.47414285714286,1.6417331700000002,4.570868610000001,4.008240936400092,2003-03-11 00:00:00
46440,USW00094728,2003,3,12,0.0,51.08,32.0,71.06,46.59542857142858,8.060000000000002,32.276428571428575,1.6417331700000002,4.570868610000001,4.008240936400092,2003-03-12 00:00:00
46441,USW00094728,2003,3,13,0.16141741,48.92,30.02,84.91999999999999,47.489000000000004,6.080000000000002,33.007999999999996,1.8031505800000003,4.570868610000001,4.008240936400092,2003-03-13 00:00:00
46442,USW00094728,2003,3,14,0.0,37.94,21.02,75.02,47.54428571428571,8.060000000000002,33.04657142857143,1.8031505800000003,4.570868610000001,4.008240936400092,2003-03-14 00:00:00
46443,USW00094728,2003,3,15,0.0,53.96,32.0,77.0,47.0863309352518,14.0,32.80028776978417,1.8031505800000003,4.570868610000001,4.008240936400092,2003-03-15 00:00:00
46444,USW00094728,2003,3,16,0.0,68.0,44.06,82.03999999999999,47.21257142857142,12.920000000000002,32.49114285714286,1.8031505800000003,4.570868610000001,4.008240936400092,2003-03-16 00:00:00
46445,USW00094728,2003,3,17,0.0,69.08,48.019999999999996,75.02,47.175285714285714,8.96,31.857285714285716,1.8031505800000003,4.570868610000001,4.008240936400092,2003-03-17 00:00:00
46446,USW00094728,2003,3,18,0.0,64.94,42.980000000000004,77.0,47.311571428571426,6.98,32.124714285714276,1.8031505800000003,4.570868610000001,4.008240936400092,2003-03-18 00:00:00
46447,USW00094728,2003,3,19,0.0,44.06,35.06,75.92,47.584142857142865,8.060000000000002,33.267714285714284,1.8031505800000003,4.570868610000001,4.008240936400092,2003-03-19 00:00:00
46448,USW00094728,2003,3,20,1.0787407400000002,51.08,35.06,82.94,48.98685714285714,10.940000000000001,34.31428571428572,2.8818913200000003,4.570868610000001,4.008240936400092,2003-03-20 00:00:00
46449,USW00094728,2003,3,21,0.6299216000000001,64.94,50.0,84.02,48.550999999999995,10.04,34.469857142857144,3.5118129200000006,4.570868610000001,4.008240936400092,2003-03-21 00:00:00
46450,USW00094728,2003,3,22,0.0,66.92,51.08,78.08,49.16042857142857,12.02,34.79642857142857,3.5118129200000006,4.570868610000001,4.008240936400092,2003-03-22 00:00:00
46451,USW00094728,2003,3,23,0.0,59.0,44.06,75.92,50.135,12.920000000000002,34.92920863309352,3.5118129200000006,4.570868610000001,4.008240936400092,2003-03-23 00:00:00
46452,USW00094728,2003,3,24,0.0,60.08,42.980000000000004,75.92,51.39114285714286,12.02,35.38142857142857,3.5118129200000006,4.570868610000001,4.008240936400092,2003-03-24 00:00:00
46453,USW00094728,2003,3,25,0.0,55.94,42.980000000000004,78.97999999999999,51.59685714285715,12.920000000000002,35.96642857142857,3.5118129200000006,4.570868610000001,4.008240936400092,2003-03-25 00:00:00
46454,USW00094728,2003,3,26,0.29133874000000004,66.92,44.96,75.92,52.42485714285714,19.94,36.57328571428572,3.8031516600000006,4.570868610000001,4.008240936400092,2003-03-26 00:00:00
46455,USW00094728,2003,3,27,0.0,62.06,42.08,82.94,52.99185714285714,19.94,37.64042857142857,3.8031516600000006,4.570868610000001,4.008240936400092,2003-03-27 00:00:00
46456,USW00094728,2003,3,28,0.0,60.08,44.96,84.02,53.193714285714286,12.920000000000002,37.38328571428571,3.8031516600000006,4.570868610000001,4.008240936400092,2003-03-28 00:00:00
46457,USW00094728,2003,3,29,0.59842552,69.08,51.980000000000004,86.0,53.24128571428571,10.04,37.55942857142857,4.40157718,4.570868610000001,4.008240936400092,2003-03-29 00:00:00
46458,USW00094728,2003,3,30,0.16929143000000002,55.94,33.98,82.03999999999999,52.61257142857142,15.98,38.18171428571429,4.570868610000001,4.570868610000001,4.008240936400092,2003-03-30 00:00:00
46459,USW00094728,2003,3,31,0.0,42.980000000000004,30.92,86.0,53.059999999999995,14.0,38.109714285714276,4.570868610000001,4.570868610000001,4.008240936400092,2003-03-31 00:00:00
46460,USW00094728,2003,4,1,0.11023628,42.980000000000004,30.02,82.94,54.06748201438849,12.02,38.990215827338126,0.11023628,3.2047261400000004,3.692278745136938,2003-04-01 00:00:00
46461,USW00094728,2003,4,2,0.0,57.019999999999996,39.019999999999996,80.96000000000001,54.44985714285714,21.92,39.24114285714286,0.11023628,3.2047261400000004,3.692278745136938,2003-04-02 00:00:00
46462,USW00094728,2003,4,3,0.0,53.96,39.92,80.96000000000001,54.834285714285706,24.08,39.014857142857146,0.11023628,3.2047261400000004,3.692278745136938,2003-04-03 00:00:00
46463,USW00094728,2003,4,4,0.0,44.06,35.06,80.06,54.451142857142855,23.0,39.120285714285714,0.11023628,3.2047261400000004,3.692278745136938,2003-04-04 00:00:00
46464,USW00094728,2003,4,5,0.05905515000000001,42.980000000000004,35.06,80.06,55.27271428571427,21.02,39.286142857142856,0.16929143000000002,3.2047261400000004,3.692278745136938,2003-04-05 00:00:00
46465,USW00094728,2003,4,6,0.0,46.94,33.08,78.97999999999999,55.35757142857142,21.02,40.172,0.16929143000000002,3.2047261400000004,3.692278745136938,2003-04-06 00:00:00
46466,USW00094728,2003,4,7,0.5590554200000001,37.94,30.02,91.94,56.13542857142858,21.02,39.82871428571429,0.7283468500000001,3.2047261400000004,3.692278745136938,2003-04-07 00:00:00
46467,USW00094728,2003,4,8,0.0,37.04,30.92,89.96000000000001,55.570935251798566,24.98,39.985571428571426,0.7283468500000001,3.2047261400000004,3.692278745136938,2003-04-08 00:00:00
46468,USW00094728,2003,4,9,0.29921276,39.019999999999996,35.06,86.0,55.37685714285714,24.98,39.513714285714286,1.0275596100000002,3.2047261400000004,3.692278745136938,2003-04-09 00:00:00
46469,USW00094728,2003,4,10,0.0,51.980000000000004,35.96,86.0,56.57771428571427,28.04,39.949571428571424,1.0275596100000002,3.2047261400000004,3.692278745136938,2003-04-10 00:00:00
46470,USW00094728,2003,4,11,0.66141768,46.04,37.94,84.02,57.14913043478261,24.08,40.84700000000001,1.6889772900000002,3.2047261400000004,3.692278745136938,2003-04-11 00:00:00
46471,USW00094728,2003,4,12,0.61811057,69.08,44.06,89.96000000000001,57.11128571428571,24.98,41.285428571428575,2.30708786,3.2047261400000004,3.692278745136938,2003-04-12 00:00:00
46472,USW00094728,2003,4,13,0.0,62.959999999999994,42.980000000000004,87.97999999999999,57.261714285714284,26.060000000000002,41.62485714285714,2.30708786,3.2047261400000004,3.692278745136938,2003-04-13 00:00:00
46473,USW00094728,2003,4,14,0.0,57.019999999999996,44.06,84.91999999999999,59.24814285714285,26.060000000000002,43.05640287769784,2.30708786,3.2047261400000004,3.692278745136938,2003-04-14 00:00:00
46474,USW00094728,2003,4,15,0.0,80.96000000000001,51.08,87.08,60.07871428571429,28.04,43.862,2.30708786,3.2047261400000004,3.692278745136938,2003-04-15 00:00:00
46475,USW00094728,2003,4,16,0.0,87.97999999999999,51.08,91.94,59.68142857142857,28.94,43.55985714285714,2.30708786,3.2047261400000004,3.692278745136938,2003-04-16 00:00:00
46476,USW00094728,2003,4,17,0.01181103,51.08,35.96,96.08,60.35642857142858,30.02,44.09471428571429,2.3188988900000003,3.2047261400000004,3.692278745136938,2003-04-17 00:00:00
46477,USW00094728,2003,4,18,0.0,46.94,35.96,96.08,61.71542857142857,30.02,45.04742857142857,2.3188988900000003,3.2047261400000004,3.692278745136938,2003-04-18 00:00:00
46478,USW00094728,2003,4,19,0.0,62.06,41.0,91.94,63.104,28.94,45.64657142857143,2.3188988900000003,3.2047261400000004,3.692278745136938,2003-04-19 00:00:00
46479,USW00094728,2003,4,20,0.0,66.02,46.04,89.96000000000001,62.29142857142857,24.08,45.59771428571429,2.3188988900000003,3.2047261400000004,3.692278745136938,2003-04-20 00:00:00
46480,USW00094728,2003,4,21,0.01181103,62.06,42.980000000000004,87.08,63.266,32.0,45.357285714285716,2.3307099200000003,3.2047261400000004,3.692278745136938,2003-04-21 00:00:00
46481,USW00094728,2003,4,22,0.27165369,57.92,46.04,86.0,63.516714285714286,33.08,45.98728571428571,2.6023636100000003,3.2047261400000004,3.692278745136938,2003-04-22 00:00:00
46482,USW00094728,2003,4,23,0.0,51.980000000000004,39.019999999999996,86.0,62.900857142857134,32.0,45.64142857142857,2.6023636100000003,3.2047261400000004,3.692278745136938,2003-04-23 00:00:00
46483,USW00094728,2003,4,24,0.0,62.06,39.92,87.08,62.6,30.92,45.96928571428571,2.6023636100000003,3.2047261400000004,3.692278745136938,2003-04-24 00:00:00
46484,USW00094728,2003,4,25,0.05905515000000001,62.959999999999994,48.019999999999996,91.03999999999999,62.72342857142858,28.94,45.914,2.66141876,3.2047261400000004,3.692278745136938,2003-04-25 00:00:00
46485,USW00094728,2003,4,26,0.5118113000000001,53.96,50.0,91.94,63.601571428571425,30.92,46.87314285714285,3.1732300600000003,3.2047261400000004,3.692278745136938,2003-04-26 00:00:00
46486,USW00094728,2003,4,27,0.0,71.96000000000001,51.08,91.94,63.09628571428571,35.96,46.87571428571429,3.1732300600000003,3.2047261400000004,3.692278745136938,2003-04-27 00:00:00
46487,USW00094728,2003,4,28,0.0,80.06,53.96,89.96000000000001,63.57071428571428,33.98,47.09042857142857,3.1732300600000003,3.2047261400000004,3.692278745136938,2003-04-28 00:00:00
46488,USW00094728,2003,4,29,0.03149608,78.97999999999999,59.0,89.06,64.88728571428571,33.98,47.416999999999994,3.2047261400000004,3.2047261400000004,3.692278745136938,2003-04-29 00:00:00
46489,USW00094728,2003,4,30,0.0,66.92,51.08,91.03999999999999,65.9467142857143,33.98,48.51757142857143,3.2047261400000004,3.2047261400000004,3.692278745136938,2003-04-30 00:00:00
46490,USW00094728,2003,5,1,0.039370100000000005,71.96000000000001,51.08,87.08,66.47385714285714,35.06,48.878857142857136,0.039370100000000005,3.4055136500000005,3.7486803145,2003-05-01 00:00:00
46491,USW00094728,2003,5,2,0.29133874000000004,75.02,51.980000000000004,89.96000000000001,66.19357142857142,37.04,49.13214285714286,0.33070884000000006,3.4055136500000005,3.7486803145,2003-05-02 00:00:00
46492,USW00094728,2003,5,3,0.0,64.94,50.0,89.96000000000001,66.19742857142857,37.04,49.195142857142855,0.33070884000000006,3.4055136500000005,3.7486803145,2003-05-03 00:00:00
46493,USW00094728,2003,5,4,0.0,62.959999999999994,48.019999999999996,91.94,67.04085714285712,37.94,49.90228571428571,0.33070884000000006,3.4055136500000005,3.7486803145,2003-05-04 00:00:00
46494,USW00094728,2003,5,5,0.051181130000000005,59.0,44.96,89.96000000000001,67.73642857142856,33.98,50.23528571428571,0.3818899700000001,3.4055136500000005,3.7486803145,2003-05-05 00:00:00
46495,USW00094728,2003,5,6,0.0,60.980000000000004,44.96,91.94,69.09414285714286,32.0,51.08642857142858,0.3818899700000001,3.4055136500000005,3.7486803145,2003-05-06 00:00:00
46496,USW00094728,2003,5,7,0.16141741,78.97999999999999,53.96,93.02,68.603,37.04,50.74057142857143,0.5433073800000001,3.4055136500000005,3.7486803145,2003-05-07 00:00:00
46497,USW00094728,2003,5,8,0.18897648,60.08,53.06,91.03999999999999,66.92385714285714,37.04,50.825428571428574,0.7322838600000001,3.4055136500000005,3.7486803145,2003-05-08 00:00:00
46498,USW00094728,2003,5,9,0.019685050000000003,66.02,51.08,93.91999999999999,68.57728571428571,35.06,51.07485714285714,0.7519689100000001,3.4055136500000005,3.7486803145,2003-05-09 00:00:00
46499,USW00094728,2003,5,10,0.0,71.06,50.0,93.91999999999999,69.98385714285713,35.96,51.99285714285714,0.7519689100000001,3.4055136500000005,3.7486803145,2003-05-10 00:00:00
46500,USW00094728,2003,5,11,0.0,64.03999999999999,53.06,91.94,69.20985714285715,35.96,52.19471428571429,0.7519689100000001,3.4055136500000005,3.7486803145,2003-05-11 00:00:00
46501,USW00094728,2003,5,12,0.03149608,64.94,53.06,93.02,69.809,39.92,52.45185714285714,0.7834649900000001,3.4055136500000005,3.7486803145,2003-05-12 00:00:00
46502,USW00094728,2003,5,13,0.0,60.980000000000004,51.08,89.06,69.84242857142857,39.019999999999996,52.485285714285716,0.7834649900000001,3.4055136500000005,3.7486803145,2003-05-13 00:00:00
46503,USW00094728,2003,5,14,0.0,66.02,51.08,87.97999999999999,69.6907142857143,39.92,52.24357142857143,0.7834649900000001,3.4055136500000005,3.7486803145,2003-05-14 00:00:00
46504,USW00094728,2003,5,15,0.0,69.08,50.0,89.96000000000001,70.26157142857143,42.08,53.14614285714285,0.7834649900000001,3.4055136500000005,3.7486803145,2003-05-15 00:00:00
46505,USW00094728,2003,5,16,0.0,60.980000000000004,48.92,89.96000000000001,69.9902857142857,42.08,53.23742857142857,0.7834649900000001,3.4055136500000005,3.7486803145,2003-05-16 00:00:00
46506,USW00094728,2003,5,17,0.0,62.06,46.94,91.94,71.16157142857142,39.019999999999996,53.41614285714286,0.7834649900000001,3.4055136500000005,3.7486803145,2003-05-17 00:00:00
46507,USW00094728,2003,5,18,0.0,64.03999999999999,46.04,89.96000000000001,70.88642857142857,41.0,53.645,0.7834649900000001,3.4055136500000005,3.7486803145,2003-05-18 00:00:00
46508,USW00094728,2003,5,19,0.0,75.92,48.019999999999996,98.96,70.85557142857144,37.94,54.24285714285714,0.7834649900000001,3.4055136500000005,3.7486803145,2003-05-19 00:00:00
46509,USW00094728,2003,5,20,0.0,78.97999999999999,55.04,96.08,71.57942857142856,42.980000000000004,54.565571428571424,0.7834649900000001,3.4055136500000005,3.7486803145,2003-05-20 00:00:00
46510,USW00094728,2003,5,21,0.27165369,64.03999999999999,55.04,93.02,72.43057142857143,39.92,55.407714285714285,1.05511868,3.4055136500000005,3.7486803145,2003-05-21 00:00:00
46511,USW00094728,2003,5,22,0.0,55.94,50.0,96.08,73.10042857142857,28.04,55.43471428571429,1.05511868,3.4055136500000005,3.7486803145,2003-05-22 00:00:00
46512,USW00094728,2003,5,23,0.14960638,55.94,50.0,93.91999999999999,72.80985714285715,42.980000000000004,55.20071428571429,1.2047250600000001,3.4055136500000005,3.7486803145,2003-05-23 00:00:00
46513,USW00094728,2003,5,24,0.09055123000000001,55.94,51.08,93.02,72.545,39.019999999999996,55.65328571428572,1.29527629,3.4055136500000005,3.7486803145,2003-05-24 00:00:00
46514,USW00094728,2003,5,25,0.01181103,62.06,53.06,95.0,72.40357142857142,41.0,55.92585714285713,1.3070873200000002,3.4055136500000005,3.7486803145,2003-05-25 00:00:00
46515,USW00094728,2003,5,26,1.27952825,55.94,51.08,95.0,73.20585714285714,42.08,56.825857142857146,2.58661557,3.4055136500000005,3.7486803145,2003-05-26 00:00:00
46516,USW00094728,2003,5,27,0.0,69.08,50.0,96.08,73.96700000000001,41.0,56.78342857142857,2.58661557,3.4055136500000005,3.7486803145,2003-05-27 00:00:00
46517,USW00094728,2003,5,28,0.039370100000000005,69.08,53.96,93.91999999999999,74.24214285714287,42.980000000000004,56.82199999999999,2.6259856700000004,3.4055136500000005,3.7486803145,2003-05-28 00:00:00
46518,USW00094728,2003,5,29,0.0,75.02,53.96,96.98,74.63942857142858,42.980000000000004,57.17557142857143,2.6259856700000004,3.4055136500000005,3.7486803145,2003-05-29 00:00:00
46519,USW00094728,2003,5,30,0.18897648,78.97999999999999,60.980000000000004,96.98,75.58057142857142,42.08,57.841571428571434,2.8149621500000004,3.4055136500000005,3.7486803145,2003-05-30 00:00:00
46520,USW00094728,2003,5,31,0.5905515,68.0,59.0,96.08,76.38414285714285,46.04,59.22242857142858,3.4055136500000005,3.4055136500000005,3.7486803145,2003-05-31 00:00:00
46521,USW00094728,2003,6,1,1.38189051,64.94,53.96,96.08,77.054,44.06,59.492428571428576,1.38189051,10.263785069999999,3.6889446161633725,2003-06-01 00:00:00
46522,USW00094728,2003,6,2,0.0,71.96000000000001,50.0,96.08,76.77757142857143,48.019999999999996,59.76242857142856,1.38189051,10.263785069999999,3.6889446161633725,2003-06-02 00:00:00
46523,USW00094728,2003,6,3,0.20866153,69.08,51.980000000000004,95.0,76.57314285714286,44.96,59.165857142857135,1.5905520400000002,10.263785069999999,3.6889446161633725,2003-06-03 00:00:00
46524,USW00094728,2003,6,4,2.75196999,57.019999999999996,50.0,98.96,76.37257142857143,48.019999999999996,59.367714285714285,4.3425220300000005,10.263785069999999,3.6889446161633725,2003-06-04 00:00:00
46525,USW00094728,2003,6,5,0.01181103,71.06,57.019999999999996,98.96,77.03342857142857,46.94,60.31528571428571,4.35433306,10.263785069999999,3.6889446161633725,2003-06-05 00:00:00
46526,USW00094728,2003,6,6,0.0,75.92,57.019999999999996,98.06,77.41528571428572,46.94,60.341,4.35433306,10.263785069999999,3.6889446161633725,2003-06-06 00:00:00
46527,USW00094728,2003,6,7,0.90157529,66.92,57.019999999999996,96.08,77.07199999999999,46.94,59.90771428571427,5.25590835,10.263785069999999,3.6889446161633725,2003-06-07 00:00:00
46528,USW00094728,2003,6,8,0.0,68.0,57.92,95.0,77.93755395683453,46.94,60.58142857142858,5.25590835,10.263785069999999,3.6889446161633725,2003-06-08 00:00:00
46529,USW00094728,2003,6,9,0.0,75.02,57.019999999999996,96.98,78.29857142857142,46.94,61.232,5.25590835,10.263785069999999,3.6889446161633725,2003-06-09 00:00:00
46530,USW00094728,2003,6,10,0.0,80.06,62.06,96.08,77.711,48.92,61.03014285714286,5.25590835,10.263785069999999,3.6889446161633725,2003-06-10 00:00:00
46531,USW00094728,2003,6,11,0.019685050000000003,78.08,66.02,95.0,78.75757142857144,46.04,61.21014285714284,5.2755934,10.263785069999999,3.6889446161633725,2003-06-11 00:00:00
46532,USW00094728,2003,6,12,0.85826818,80.06,66.92,93.02,79.01985714285713,48.019999999999996,61.862,6.13386158,10.263785069999999,3.6889446161633725,2003-06-12 00:00:00
46533,USW00094728,2003,6,13,0.51968532,66.92,57.92,96.08,77.351,51.08,61.90571428571428,6.653546899999999,10.263785069999999,3.6889446161633725,2003-06-13 00:00:00
46534,USW00094728,2003,6,14,0.6811027300000001,82.94,59.0,98.96,77.79842857142856,50.0,61.750142857142876,7.3346496299999995,10.263785069999999,3.6889446161633725,2003-06-14 00:00:00
46535,USW00094728,2003,6,15,0.0,80.06,64.03999999999999,96.08,79.5007142857143,48.019999999999996,62.299142857142854,7.3346496299999995,10.263785069999999,3.6889446161633725,2003-06-15 00:00:00
46536,USW00094728,2003,6,16,0.0,69.97999999999999,55.04,96.98,79.66657142857143,51.980000000000004,62.806999999999995,7.3346496299999995,10.263785069999999,3.6889446161633725,2003-06-16 00:00:00
46537,USW00094728,2003,6,17,0.0,66.92,53.06,96.08,79.02114285714286,51.08,62.83142857142858,7.3346496299999995,10.263785069999999,3.6889446161633725,2003-06-17 00:00:00
46538,USW00094728,2003,6,18,0.85826818,68.0,59.0,95.0,79.41585714285715,48.019999999999996,62.87771428571428,8.192917809999999,10.263785069999999,3.6889446161633725,2003-06-18 00:00:00
46539,USW00094728,2003,6,19,0.09055123000000001,71.06,64.03999999999999,98.06,79.87093525179857,51.980000000000004,63.505179856115106,8.28346904,10.263785069999999,3.6889446161633725,2003-06-19 00:00:00
46540,USW00094728,2003,6,20,0.42126007000000004,69.08,62.06,98.06,80.94714285714286,48.92,63.83685714285714,8.70472911,10.263785069999999,3.6889446161633725,2003-06-20 00:00:00
46541,USW00094728,2003,6,21,1.18897702,62.959999999999994,59.0,96.98,80.70028571428573,48.92,64.56328571428571,9.89370613,10.263785069999999,3.6889446161633725,2003-06-21 00:00:00
46542,USW00094728,2003,6,22,0.31889781,66.92,57.019999999999996,98.06,80.94328571428572,51.980000000000004,64.66357142857142,10.21260394,10.263785069999999,3.6889446161633725,2003-06-22 00:00:00
46543,USW00094728,2003,6,23,0.0,87.97999999999999,57.019999999999996,96.08,80.61028571428571,48.92,64.34342857142857,10.21260394,10.263785069999999,3.6889446161633725,2003-06-23 00:00:00
46544,USW00094728,2003,6,24,0.0,93.02,68.0,96.08,82.00399999999999,51.980000000000004,64.56971428571428,10.21260394,10.263785069999999,3.6889446161633725,2003-06-24 00:00:00
46545,USW00094728,2003,6,25,0.0,91.94,71.06,98.96,82.85128571428572,53.96,66.01357142857141,10.21260394,10.263785069999999,3.6889446161633725,2003-06-25 00:00:00
46546,USW00094728,2003,6,26,0.0,93.02,78.97999999999999,100.03999999999999,82.59285714285714,55.94,66.30542857142856,10.21260394,10.263785069999999,3.6889446161633725,2003-06-26 00:00:00
46547,USW00094728,2003,6,27,0.0,91.03999999999999,73.03999999999999,100.94,81.98214285714286,55.04,65.60085714285714,10.21260394,10.263785069999999,3.6889446161633725,2003-06-27 00:00:00
46548,USW00094728,2003,6,28,0.0,82.94,68.0,96.08,82.21228571428571,53.96,65.9557142857143,10.21260394,10.263785069999999,3.6889446161633725,2003-06-28 00:00:00
46549,USW00094728,2003,6,29,0.051181130000000005,80.06,66.92,100.94,82.89467625899282,51.980000000000004,66.15757142857143,10.263785069999999,10.263785069999999,3.6889446161633725,2003-06-29 00:00:00
46550,USW00094728,2003,6,30,0.0,84.91999999999999,73.03999999999999,98.96,82.77028571428572,53.06,66.23985714285715,10.263785069999999,10.263785069999999,3.6889446161633725,2003-06-30 00:00:00
46551,USW00094728,2003,7,1,0.0,84.02,66.02,100.03999999999999,83.5525179856115,51.980000000000004,66.16633093525179,0.0,3.759844550000001,4.259049977695321,2003-07-01 00:00:00
46552,USW00094728,2003,7,2,0.0,84.02,69.97999999999999,100.03999999999999,83.60342857142857,55.94,66.98557142857142,0.0,3.759844550000001,4.259049977695321,2003-07-02 00:00:00
46553,USW00094728,2003,7,3,0.039370100000000005,71.96000000000001,64.03999999999999,102.92,83.40414285714286,53.96,66.58314285714285,0.039370100000000005,3.759844550000001,4.259049977695321,2003-07-03 00:00:00
46554,USW00094728,2003,7,4,0.0,91.94,62.959999999999994,102.02,83.55457142857142,55.04,66.95214285714285,0.039370100000000005,3.759844550000001,4.259049977695321,2003-07-04 00:00:00
46555,USW00094728,2003,7,5,0.0,93.91999999999999,71.96000000000001,100.94,83.31157142857143,53.06,67.05885714285712,0.039370100000000005,3.759844550000001,4.259049977695321,2003-07-05 00:00:00
46556,USW00094728,2003,7,6,0.0,89.06,77.0,102.92,83.68442857142857,53.96,67.22085714285714,0.039370100000000005,3.759844550000001,4.259049977695321,2003-07-06 00:00:00
46557,USW00094728,2003,7,7,0.01181103,89.06,75.92,100.03999999999999,84.44685714285713,55.94,67.55257142857143,0.051181130000000005,3.759844550000001,4.259049977695321,2003-07-07 00:00:00
46558,USW00094728,2003,7,8,0.0,87.97999999999999,75.02,100.03999999999999,85.05499999999999,55.94,68.05914285714285,0.051181130000000005,3.759844550000001,4.259049977695321,2003-07-08 00:00:00
46559,USW00094728,2003,7,9,0.20078751000000003,82.94,66.92,105.98,85.03571428571429,53.96,68.39857142857143,0.25196864,3.759844550000001,4.259049977695321,2003-07-09 00:00:00
46560,USW00094728,2003,7,10,0.11811030000000002,69.08,66.02,102.02,84.44428571428573,55.04,68.42171428571429,0.37007894,3.759844550000001,4.259049977695321,2003-07-10 00:00:00
46561,USW00094728,2003,7,11,0.5118113000000001,82.03999999999999,64.03999999999999,98.06,84.15242857142857,57.019999999999996,67.66442857142857,0.8818902400000002,3.759844550000001,4.259049977695321,2003-07-11 00:00:00
46562,USW00094728,2003,7,12,0.0,82.94,69.08,98.96,84.19485714285715,57.019999999999996,67.85214285714285,0.8818902400000002,3.759844550000001,4.259049977695321,2003-07-12 00:00:00
46563,USW00094728,2003,7,13,0.0,80.96000000000001,69.08,100.94,83.86442857142856,53.96,68.28157142857141,0.8818902400000002,3.759844550000001,4.259049977695321,2003-07-13 00:00:00
46564,USW00094728,2003,7,14,0.0,75.92,68.0,100.03999999999999,84.25785714285713,57.92,68.40885714285713,0.8818902400000002,3.759844550000001,4.259049977695321,2003-07-14 00:00:00
46565,USW00094728,2003,7,15,0.0,80.96000000000001,64.94,102.02,84.4982857142857,57.019999999999996,68.02699999999999,0.8818902400000002,3.759844550000001,4.259049977695321,2003-07-15 00:00:00
46566,USW00094728,2003,7,16,0.019685050000000003,86.0,69.08,98.96,85.01,55.94,68.64542857142858,0.9015752900000001,3.759844550000001,4.259049977695321,2003-07-16 00:00:00
46567,USW00094728,2003,7,17,0.0,82.94,66.02,100.03999999999999,85.76985714285713,57.019999999999996,69.03499999999998,0.9015752900000001,3.759844550000001,4.259049977695321,2003-07-17 00:00:00
46568,USW00094728,2003,7,18,0.11811030000000002,80.06,66.92,100.94,85.98457142857143,57.019999999999996,69.63285714285715,1.0196855900000001,3.759844550000001,4.259049977695321,2003-07-18 00:00:00
46569,USW00094728,2003,7,19,0.0,80.96000000000001,66.02,102.02,85.44585714285715,57.019999999999996,69.49528571428571,1.0196855900000001,3.759844550000001,4.259049977695321,2003-07-19 00:00:00
46570,USW00094728,2003,7,20,0.0,84.02,66.92,100.94,84.39928571428572,55.04,69.08,1.0196855900000001,3.759844550000001,4.259049977695321,2003-07-20 00:00:00
46571,USW00094728,2003,7,21,0.7716539600000001,82.94,68.0,104.0,85.19514285714286,55.04,69.02085714285712,1.7913395500000002,3.759844550000001,4.259049977695321,2003-07-21 00:00:00
46572,USW00094728,2003,7,22,1.38976453,82.94,66.92,104.0,84.37485714285714,57.92,69.14814285714286,3.1811040800000003,3.759844550000001,4.259049977695321,2003-07-22 00:00:00
46573,USW00094728,2003,7,23,0.29921276,78.97999999999999,69.97999999999999,100.03999999999999,83.95571428571428,57.92,68.80228571428572,3.4803168400000004,3.759844550000001,4.259049977695321,2003-07-23 00:00:00
46574,USW00094728,2003,7,24,0.03149608,80.96000000000001,71.96000000000001,96.98,83.92614285714285,55.94,68.65442857142857,3.5118129200000006,3.759844550000001,4.259049977695321,2003-07-24 00:00:00
46575,USW00094728,2003,7,25,0.0,87.97999999999999,68.0,96.98,84.05985714285714,57.019999999999996,68.234,3.5118129200000006,3.759844550000001,4.259049977695321,2003-07-25 00:00:00
46576,USW00094728,2003,7,26,0.0,86.0,71.06,98.06,84.25785714285713,55.04,68.40499999999997,3.5118129200000006,3.759844550000001,4.259049977695321,2003-07-26 00:00:00
46577,USW00094728,2003,7,27,0.11811030000000002,89.06,71.96000000000001,98.06,84.27714285714285,55.04,68.67885714285715,3.6299232200000007,3.759844550000001,4.259049977695321,2003-07-27 00:00:00
46578,USW00094728,2003,7,28,0.0,82.94,71.06,96.98,84.53942857142857,57.019999999999996,68.86914285714285,3.6299232200000007,3.759844550000001,4.259049977695321,2003-07-28 00:00:00
46579,USW00094728,2003,7,29,0.01181103,80.96000000000001,66.02,98.96,84.6152857142857,59.0,69.15842857142857,3.6417342500000007,3.759844550000001,4.259049977695321,2003-07-29 00:00:00
46580,USW00094728,2003,7,30,0.0,80.96000000000001,66.92,98.06,84.82742857142857,57.019999999999996,68.95785714285714,3.6417342500000007,3.759844550000001,4.259049977695321,2003-07-30 00:00:00
46581,USW00094728,2003,7,31,0.11811030000000002,78.97999999999999,64.94,102.02,83.822,57.019999999999996,68.89357142857142,3.759844550000001,3.759844550000001,4.259049977695321,2003-07-31 00:00:00
46582,USW00094728,2003,8,1,0.7204728300000001,80.06,68.0,100.03999999999999,84.15885714285716,59.0,68.43328571428572,0.7204728300000001,5.854333869999999,4.341108046233288,2003-08-01 00:00:00
46583,USW00094728,2003,8,2,0.11811030000000002,84.02,73.03999999999999,100.03999999999999,84.05342857142857,57.92,68.40114285714286,0.8385831300000001,5.854333869999999,4.341108046233288,2003-08-02 00:00:00
46584,USW00094728,2003,8,3,0.07086618,86.0,75.02,96.98,83.94359712230215,55.04,68.48985714285716,0.9094493100000001,5.854333869999999,4.341108046233288,2003-08-03 00:00:00
46585,USW00094728,2003,8,4,1.9803160300000002,84.02,73.03999999999999,100.03999999999999,84.245,55.94,68.85757142857143,2.8897653400000003,5.854333869999999,4.341108046233288,2003-08-04 00:00:00
46586,USW00094728,2003,8,5,0.07874020000000001,80.06,71.96000000000001,100.94,83.94928571428571,55.94,68.30342857142858,2.96850554,5.854333869999999,4.341108046233288,2003-08-05 00:00:00
46587,USW00094728,2003,8,6,0.35039389000000004,80.06,69.97999999999999,96.98,83.336,57.019999999999996,67.69657142857143,3.31889943,5.854333869999999,4.341108046233288,2003-08-06 00:00:00
46588,USW00094728,2003,8,7,0.75984293,78.97999999999999,71.06,104.0,83.74805755395683,57.019999999999996,68.18906474820143,4.07874236,5.854333869999999,4.341108046233288,2003-08-07 00:00:00
46589,USW00094728,2003,8,8,0.5118113000000001,80.06,71.06,98.96,84.43657142857143,53.96,68.42428571428572,4.590553659999999,5.854333869999999,4.341108046233288,2003-08-08 00:00:00
46590,USW00094728,2003,8,9,0.83070911,80.06,71.96000000000001,102.92,84.2388489208633,57.019999999999996,68.76920863309353,5.421262769999999,5.854333869999999,4.341108046233288,2003-08-09 00:00:00
46591,USW00094728,2003,8,10,0.019685050000000003,80.96000000000001,71.96000000000001,98.06,84.13571428571429,55.04,68.47314285714285,5.440947819999999,5.854333869999999,4.341108046233288,2003-08-10 00:00:00
46592,USW00094728,2003,8,11,0.01181103,80.96000000000001,73.03999999999999,102.02,83.444,55.94,67.775,5.452758849999999,5.854333869999999,4.341108046233288,2003-08-11 00:00:00
46593,USW00094728,2003,8,12,0.0,84.02,73.94,96.98,82.16471428571427,55.04,67.49728571428571,5.452758849999999,5.854333869999999,4.341108046233288,2003-08-12 00:00:00
46594,USW00094728,2003,8,13,0.0,87.08,75.02,98.96,82.29585714285713,55.04,67.26971428571429,5.452758849999999,5.854333869999999,4.341108046233288,2003-08-13 00:00:00
46595,USW00094728,2003,8,14,0.0,91.03999999999999,75.02,98.96,83.28714285714284,53.96,67.29157142857143,5.452758849999999,5.854333869999999,4.341108046233288,2003-08-14 00:00:00
46596,USW00094728,2003,8,15,0.0,89.06,71.96000000000001,96.98,82.92971428571428,53.96,67.469,5.452758849999999,5.854333869999999,4.341108046233288,2003-08-15 00:00:00
46597,USW00094728,2003,8,16,0.0,84.91999999999999,75.02,96.08,82.48228571428572,55.04,67.20671428571428,5.452758849999999,5.854333869999999,4.341108046233288,2003-08-16 00:00:00
46598,USW00094728,2003,8,17,0.27165369,80.96000000000001,64.03999999999999,95.0,82.86542857142857,55.94,67.40690647482015,5.7244125399999986,5.854333869999999,4.341108046233288,2003-08-17 00:00:00
46599,USW00094728,2003,8,18,0.0,80.06,64.03999999999999,93.91999999999999,81.383,55.04,66.5792857142857,5.7244125399999986,5.854333869999999,4.341108046233288,2003-08-18 00:00:00
46600,USW00094728,2003,8,19,0.0,82.94,68.0,93.91999999999999,81.37014285714285,55.04,65.92614285714285,5.7244125399999986,5.854333869999999,4.341108046233288,2003-08-19 00:00:00
46601,USW00094728,2003,8,20,0.0,87.08,69.97999999999999,96.98,81.5102857142857,55.04,65.95957142857142,5.7244125399999986,5.854333869999999,4.341108046233288,2003-08-20 00:00:00
46602,USW00094728,2003,8,21,0.0,87.97999999999999,73.03999999999999,96.08,81.18757142857142,53.06,65.58285714285714,5.7244125399999986,5.854333869999999,4.341108046233288,2003-08-21 00:00:00
46603,USW00094728,2003,8,22,0.0,89.96000000000001,75.92,95.0,81.56557142857143,51.980000000000004,65.62657142857144,5.7244125399999986,5.854333869999999,4.341108046233288,2003-08-22 00:00:00
46604,USW00094728,2003,8,23,0.0,82.94,66.92,91.94,80.98700000000001,51.08,65.39642857142857,5.7244125399999986,5.854333869999999,4.341108046233288,2003-08-23 00:00:00
46605,USW00094728,2003,8,24,0.0,78.97999999999999,60.980000000000004,93.91999999999999,80.80314285714284,51.980000000000004,65.52114285714285,5.7244125399999986,5.854333869999999,4.341108046233288,2003-08-24 00:00:00
46606,USW00094728,2003,8,25,0.0,84.91999999999999,66.02,95.0,81.40742857142857,51.980000000000004,65.41314285714286,5.7244125399999986,5.854333869999999,4.341108046233288,2003-08-25 00:00:00
46607,USW00094728,2003,8,26,0.0,82.94,69.08,102.92,81.24285714285715,53.06,65.30128571428571,5.7244125399999986,5.854333869999999,4.341108046233288,2003-08-26 00:00:00
46608,USW00094728,2003,8,27,0.0,84.91999999999999,71.96000000000001,100.94,80.77485714285716,50.0,65.57771428571428,5.7244125399999986,5.854333869999999,4.341108046233288,2003-08-27 00:00:00
46609,USW00094728,2003,8,28,0.0,82.03999999999999,68.0,100.03999999999999,80.69771428571428,50.0,65.12385714285715,5.7244125399999986,5.854333869999999,4.341108046233288,2003-08-28 00:00:00
46610,USW00094728,2003,8,29,0.0,80.96000000000001,68.0,98.96,80.906,50.0,65.201,5.7244125399999986,5.854333869999999,4.341108046233288,2003-08-29 00:00:00
46611,USW00094728,2003,8,30,0.12992133,87.97999999999999,66.02,98.06,81.2852857142857,50.0,65.56485714285714,5.854333869999999,5.854333869999999,4.341108046233288,2003-08-30 00:00:00
46612,USW00094728,2003,8,31,0.0,75.02,60.980000000000004,100.03999999999999,81.07442857142856,50.0,65.40028571428572,5.854333869999999,5.854333869999999,4.341108046233288,2003-08-31 00:00:00
46613,USW00094728,2003,9,1,0.5905515,69.08,62.06,96.98,80.79542857142857,51.980000000000004,65.11871428571428,0.5905515,6.02756231,3.8749622347284425,2003-09-01 00:00:00
46614,USW00094728,2003,9,2,0.8385831300000001,62.959999999999994,59.0,102.02,80.41614285714286,51.08,64.53242857142855,1.42913463,6.02756231,3.8749622347284425,2003-09-02 00:00:00
46615,USW00094728,2003,9,3,0.24015761000000002,68.0,60.980000000000004,98.96,80.195,50.0,64.70214285714285,1.66929224,6.02756231,3.8749622347284425,2003-09-03 00:00:00
46616,USW00094728,2003,9,4,0.18897648,75.02,68.0,96.98,79.91728571428571,46.94,64.65071428571429,1.85826872,6.02756231,3.8749622347284425,2003-09-04 00:00:00
46617,USW00094728,2003,9,5,0.0,78.08,64.03999999999999,93.91999999999999,79.38114285714286,51.08,63.96542857142857,1.85826872,6.02756231,3.8749622347284425,2003-09-05 00:00:00
46618,USW00094728,2003,9,6,0.0,75.92,59.0,96.98,79.30244604316546,48.019999999999996,63.58676258992806,1.85826872,6.02756231,3.8749622347284425,2003-09-06 00:00:00
46619,USW00094728,2003,9,7,0.0,80.06,60.980000000000004,100.94,79.43771428571428,46.04,63.43571428571428,1.85826872,6.02756231,3.8749622347284425,2003-09-07 00:00:00
46620,USW00094728,2003,9,8,0.0,75.92,64.94,96.98,78.17514285714284,53.96,63.103999999999985,1.85826872,6.02756231,3.8749622347284425,2003-09-08 00:00:00
46621,USW00094728,2003,9,9,0.0,73.03999999999999,62.06,93.91999999999999,78.24842857142856,48.019999999999996,62.66171428571428,1.85826872,6.02756231,3.8749622347284425,2003-09-09 00:00:00
46622,USW00094728,2003,9,10,0.0,75.92,57.019999999999996,96.98,78.39114285714285,42.980000000000004,62.597428571428566,1.85826872,6.02756231,3.8749622347284425,2003-09-10 00:00:00
46623,USW00094728,2003,9,11,0.0,78.97999999999999,62.06,98.96,77.25328571428571,42.980000000000004,61.70514285714287,1.85826872,6.02756231,3.8749622347284425,2003-09-11 00:00:00
46624,USW00094728,2003,9,12,0.0,71.06,62.06,93.91999999999999,77.11185714285715,46.04,61.226857142857135,1.85826872,6.02756231,3.8749622347284425,2003-09-12 00:00:00
46625,USW00094728,2003,9,13,0.6692917,71.06,62.959999999999994,93.91999999999999,76.87271428571428,46.04,61.233285714285714,2.5275604200000004,6.02756231,3.8749622347284425,2003-09-13 00:00:00
46626,USW00094728,2003,9,14,0.27165369,80.06,69.08,93.02,76.07428571428572,46.04,61.01085714285715,2.7992141100000003,6.02756231,3.8749622347284425,2003-09-14 00:00:00
46627,USW00094728,2003,9,15,0.22834658000000002,77.0,69.08,91.94,75.56385714285716,44.96,60.51971428571427,3.0275606900000005,6.02756231,3.8749622347284425,2003-09-15 00:00:00
46628,USW00094728,2003,9,16,0.0,78.08,64.03999999999999,93.02,75.39028571428571,46.94,60.30757142857143,3.0275606900000005,6.02756231,3.8749622347284425,2003-09-16 00:00:00
46629,USW00094728,2003,9,17,0.0,75.92,60.980000000000004,93.02,75.30799999999999,44.96,59.916714285714285,3.0275606900000005,6.02756231,3.8749622347284425,2003-09-17 00:00:00
46630,USW00094728,2003,9,18,0.12992133,71.06,64.03999999999999,91.03999999999999,75.00328571428572,44.06,59.43842857142858,3.1574820200000007,6.02756231,3.8749622347284425,2003-09-18 00:00:00
46631,USW00094728,2003,9,19,0.46063017000000006,80.06,68.0,93.91999999999999,74.804,44.06,59.17100000000001,3.6181121900000006,6.02756231,3.8749622347284425,2003-09-19 00:00:00
46632,USW00094728,2003,9,20,0.0,80.06,68.0,93.02,74.47099999999999,44.06,59.18,3.6181121900000006,6.02756231,3.8749622347284425,2003-09-20 00:00:00
46633,USW00094728,2003,9,21,0.0,75.02,60.980000000000004,95.0,73.80114285714285,41.0,58.82899999999999,3.6181121900000006,6.02756231,3.8749622347284425,2003-09-21 00:00:00
46634,USW00094728,2003,9,22,0.0,71.96000000000001,62.959999999999994,95.0,73.11328571428572,41.0,58.33914285714286,3.6181121900000006,6.02756231,3.8749622347284425,2003-09-22 00:00:00
46635,USW00094728,2003,9,23,1.18897702,71.96000000000001,62.06,96.98,72.94100000000002,41.0,57.504714285714286,4.807089210000001,6.02756231,3.8749622347284425,2003-09-23 00:00:00
46636,USW00094728,2003,9,24,0.0,73.03999999999999,57.019999999999996,89.06,72.54371428571427,39.92,56.82714285714285,4.807089210000001,6.02756231,3.8749622347284425,2003-09-24 00:00:00
46637,USW00094728,2003,9,25,0.0,75.92,62.959999999999994,89.96000000000001,71.83568345323741,39.92,56.57453237410073,4.807089210000001,6.02756231,3.8749622347284425,2003-09-25 00:00:00
46638,USW00094728,2003,9,26,0.019685050000000003,69.97999999999999,60.980000000000004,91.03999999999999,72.46528571428571,42.08,56.49285714285714,4.8267742600000005,6.02756231,3.8749622347284425,2003-09-26 00:00:00
46639,USW00094728,2003,9,27,0.03149608,77.0,66.92,89.96000000000001,71.86871428571428,41.0,56.589285714285715,4.858270340000001,6.02756231,3.8749622347284425,2003-09-27 00:00:00
46640,USW00094728,2003,9,28,1.14960692,71.96000000000001,57.019999999999996,87.97999999999999,71.411,41.0,56.61499999999999,6.007877260000001,6.02756231,3.8749622347284425,2003-09-28 00:00:00
46641,USW00094728,2003,9,29,0.019685050000000003,64.94,53.06,87.97999999999999,70.53414285714285,42.08,55.535,6.02756231,6.02756231,3.8749622347284425,2003-09-29 00:00:00
46642,USW00094728,2003,9,30,0.0,64.03999999999999,50.0,89.06,69.12885714285714,39.019999999999996,54.49614285714286,6.02756231,6.02756231,3.8749622347284425,2003-09-30 00:00:00
46643,USW00094728,2003,10,1,0.0,60.08,53.96,87.97999999999999,68.94371428571428,35.96,53.87128571428571,0.0,4.905514460000001,3.6537134736011145,2003-10-01 00:00:00
46644,USW00094728,2003,10,2,0.0,59.0,44.06,89.96000000000001,69.58271428571429,39.019999999999996,53.857142857142854,0.0,4.905514460000001,3.6537134736011145,2003-10-02 00:00:00
46645,USW00094728,2003,10,3,0.0,57.019999999999996,41.0,87.08,69.61352517985613,37.94,53.97035971223022,0.0,4.905514460000001,3.6537134736011145,2003-10-03 00:00:00
46646,USW00094728,2003,10,4,0.019685050000000003,59.0,48.92,87.97999999999999,69.28589928057552,37.04,54.27208633093525,0.019685050000000003,4.905514460000001,3.6537134736011145,2003-10-04 00:00:00
46647,USW00094728,2003,10,5,0.0,60.08,46.04,93.91999999999999,69.12014388489209,35.06,53.58057553956834,0.019685050000000003,4.905514460000001,3.6537134736011145,2003-10-05 00:00:00
46648,USW00094728,2003,10,6,0.0,59.0,44.06,89.96000000000001,68.43899280575539,35.96,52.718129496402874,0.019685050000000003,4.905514460000001,3.6537134736011145,2003-10-06 00:00:00
46649,USW00094728,2003,10,7,0.0,64.03999999999999,44.96,87.97999999999999,67.54287769784173,39.019999999999996,52.108201438848916,0.019685050000000003,4.905514460000001,3.6537134736011145,2003-10-07 00:00:00
46650,USW00094728,2003,10,8,0.0,69.97999999999999,55.04,87.08,67.5506474820144,37.04,51.45812949640288,0.019685050000000003,4.905514460000001,3.6537134736011145,2003-10-08 00:00:00
46651,USW00094728,2003,10,9,0.0,77.0,59.0,86.0,67.94690647482015,37.04,51.96575539568345,0.019685050000000003,4.905514460000001,3.6537134736011145,2003-10-09 00:00:00
46652,USW00094728,2003,10,10,0.0,62.959999999999994,57.92,91.03999999999999,66.6389928057554,35.06,51.34158273381295,0.019685050000000003,4.905514460000001,3.6537134736011145,2003-10-10 00:00:00
46653,USW00094728,2003,10,11,0.0,69.97999999999999,55.94,84.91999999999999,66.71410071942445,33.98,51.32086330935252,0.019685050000000003,4.905514460000001,3.6537134736011145,2003-10-11 00:00:00
46654,USW00094728,2003,10,12,0.019685050000000003,68.0,60.08,86.0,65.75712230215827,35.06,50.89223021582734,0.039370100000000005,4.905514460000001,3.6537134736011145,2003-10-12 00:00:00
46655,USW00094728,2003,10,13,0.0,71.06,55.94,87.08,65.00215827338128,35.96,50.5568345323741,0.039370100000000005,4.905514460000001,3.6537134736011145,2003-10-13 00:00:00
46656,USW00094728,2003,10,14,0.61811057,66.92,53.96,84.02,65.80503597122302,37.04,50.48172661870504,0.65748067,4.905514460000001,3.6537134736011145,2003-10-14 00:00:00
46657,USW00094728,2003,10,15,0.25196864,64.03999999999999,50.0,84.02,66.26863309352518,32.0,50.85338129496403,0.9094493100000001,4.905514460000001,3.6537134736011145,2003-10-15 00:00:00
46658,USW00094728,2003,10,16,0.0,64.03999999999999,48.92,87.08,66.58589928057553,33.98,50.95697841726619,0.9094493100000001,4.905514460000001,3.6537134736011145,2003-10-16 00:00:00
46659,USW00094728,2003,10,17,0.27952771000000004,57.019999999999996,46.04,89.96000000000001,65.11611510791367,33.08,49.99870503597122,1.18897702,4.905514460000001,3.6537134736011145,2003-10-17 00:00:00
46660,USW00094728,2003,10,18,0.0,55.94,42.980000000000004,82.03999999999999,64.06460431654676,35.06,49.44705035971223,1.18897702,4.905514460000001,3.6537134736011145,2003-10-18 00:00:00
46661,USW00094728,2003,10,19,0.03149608,55.04,44.06,82.94,63.224172661870504,30.02,49.16345323741007,1.2204731,4.905514460000001,3.6537134736011145,2003-10-19 00:00:00
46662,USW00094728,2003,10,20,0.0,57.92,39.92,80.06,62.87841726618704,30.92,48.329496402877695,1.2204731,4.905514460000001,3.6537134736011145,2003-10-20 00:00:00
46663,USW00094728,2003,10,21,0.0,71.06,55.04,84.02,62.18820143884892,32.0,47.46057553956834,1.2204731,4.905514460000001,3.6537134736011145,2003-10-21 00:00:00
46664,USW00094728,2003,10,22,0.01181103,55.94,39.019999999999996,87.97999999999999,62.42517985611511,30.02,47.95913669064748,1.23228413,4.905514460000001,3.6537134736011145,2003-10-22 00:00:00
46665,USW00094728,2003,10,23,0.0,46.04,37.04,84.91999999999999,61.83726618705035,32.0,48.14561151079136,1.23228413,4.905514460000001,3.6537134736011145,2003-10-23 00:00:00
46666,USW00094728,2003,10,24,0.0,51.08,35.96,78.97999999999999,60.87510791366906,30.92,47.280575539568346,1.23228413,4.905514460000001,3.6537134736011145,2003-10-24 00:00:00
46667,USW00094728,2003,10,25,0.0,60.08,41.0,78.97999999999999,59.775683453237406,28.94,46.617553956834534,1.23228413,4.905514460000001,3.6537134736011145,2003-10-25 00:00:00
46668,USW00094728,2003,10,26,0.051181130000000005,68.0,59.0,78.08,60.158992805755396,30.02,46.276978417266186,1.28346526,4.905514460000001,3.6537134736011145,2003-10-26 00:00:00
46669,USW00094728,2003,10,27,1.8818907800000002,62.959999999999994,51.980000000000004,82.03999999999999,60.693812949640275,28.04,46.72244604316547,3.1653560400000003,4.905514460000001,3.6537134736011145,2003-10-27 00:00:00
46670,USW00094728,2003,10,28,0.11023628,59.0,46.04,82.94,60.09565217391305,28.94,45.77391304347825,3.2755923200000003,4.905514460000001,3.6537134736011145,2003-10-28 00:00:00
46671,USW00094728,2003,10,29,1.6299221400000001,57.92,48.92,78.08,58.685652173913034,30.92,45.2795652173913,4.905514460000001,4.905514460000001,3.6537134736011145,2003-10-29 00:00:00
46672,USW00094728,2003,10,30,0.0,60.08,44.06,82.03999999999999,58.44304347826087,30.92,44.82304347826087,4.905514460000001,4.905514460000001,3.6537134736011145,2003-10-30 00:00:00
46673,USW00094728,2003,10,31,0.0,66.92,50.0,80.96000000000001,59.32086956521739,28.94,45.38782608695652,4.905514460000001,4.905514460000001,3.6537134736011145,2003-10-31 00:00:00
46674,USW00094728,2003,11,1,0.0,77.0,55.94,84.02,59.832661870503586,30.02,46.254964028776975,0.0,4.18110462,3.5620430859630616,2003-11-01 00:00:00
46675,USW00094728,2003,11,2,0.0,68.0,57.019999999999996,82.94,59.89093525179856,30.02,45.897553956834535,0.0,4.18110462,3.5620430859630616,2003-11-02 00:00:00
46676,USW00094728,2003,11,3,0.0,78.97999999999999,60.08,78.97999999999999,58.00287769784172,30.02,44.58964028776978,0.0,4.18110462,3.5620430859630616,2003-11-03 00:00:00
46677,USW00094728,2003,11,4,0.0,68.0,51.980000000000004,78.08,57.181870503597125,24.98,43.94474820143885,0.0,4.18110462,3.5620430859630616,2003-11-04 00:00:00
46678,USW00094728,2003,11,5,0.25984266,59.0,51.08,78.08,56.0915107913669,23.0,43.39568345323741,0.25984266,4.18110462,3.5620430859630616,2003-11-05 00:00:00
46679,USW00094728,2003,11,6,0.25196864,60.08,50.0,73.94,55.07237410071942,26.96,42.77280575539569,0.5118113,4.18110462,3.5620430859630616,2003-11-06 00:00:00
46680,USW00094728,2003,11,7,0.019685050000000003,55.94,48.019999999999996,78.08,55.37798561151079,28.94,42.47237410071942,0.53149635,4.18110462,3.5620430859630616,2003-11-07 00:00:00
46681,USW00094728,2003,11,8,0.0,51.08,33.08,75.92,55.67712230215828,28.94,42.68215827338129,0.53149635,4.18110462,3.5620430859630616,2003-11-08 00:00:00
46682,USW00094728,2003,11,9,0.0,42.08,28.94,75.02,55.326187050359714,24.08,42.368776978417266,0.53149635,4.18110462,3.5620430859630616,2003-11-09 00:00:00
46683,USW00094728,2003,11,10,0.0,46.94,33.08,73.03999999999999,55.353381294964024,26.96,42.175827338129494,0.53149635,4.18110462,3.5620430859630616,2003-11-10 00:00:00
46684,USW00094728,2003,11,11,0.0,53.96,39.019999999999996,73.94,53.58575539568346,28.04,41.50503597122303,0.53149635,4.18110462,3.5620430859630616,2003-11-11 00:00:00
46685,USW00094728,2003,11,12,0.27952771000000004,57.019999999999996,50.0,75.92,54.12705035971223,26.060000000000002,40.976690647482016,0.81102406,4.18110462,3.5620430859630616,2003-11-12 00:00:00
46686,USW00094728,2003,11,13,0.07874020000000001,59.0,39.019999999999996,73.03999999999999,53.18820143884892,24.08,40.55323741007194,0.8897642600000001,4.18110462,3.5620430859630616,2003-11-13 00:00:00
46687,USW00094728,2003,11,14,0.0,44.06,35.06,71.96000000000001,53.08719424460432,19.94,40.31496402877698,0.8897642600000001,4.18110462,3.5620430859630616,2003-11-14 00:00:00
46688,USW00094728,2003,11,15,0.0,48.019999999999996,37.04,80.06,52.86446043165468,19.94,40.58820143884892,0.8897642600000001,4.18110462,3.5620430859630616,2003-11-15 00:00:00
46689,USW00094728,2003,11,16,0.0,51.08,39.019999999999996,71.96000000000001,52.85669064748201,17.060000000000002,39.91093525179856,0.8897642600000001,4.18110462,3.5620430859630616,2003-11-16 00:00:00
46690,USW00094728,2003,11,17,0.01181103,50.0,46.04,71.06,52.1431654676259,19.04,39.66618705035972,0.90157529,4.18110462,3.5620430859630616,2003-11-17 00:00:00
46691,USW00094728,2003,11,18,0.0,55.04,44.96,73.03999999999999,52.25453237410072,17.96,39.762014388489206,0.90157529,4.18110462,3.5620430859630616,2003-11-18 00:00:00
46692,USW00094728,2003,11,19,1.7992135700000003,62.06,55.04,71.96000000000001,51.42705035971223,17.96,38.99539568345323,2.7007888600000003,4.18110462,3.5620430859630616,2003-11-19 00:00:00
46693,USW00094728,2003,11,20,0.5787404700000001,57.019999999999996,42.980000000000004,77.0,51.236690647482014,21.92,38.43338129496403,3.2795293300000004,4.18110462,3.5620430859630616,2003-11-20 00:00:00
46694,USW00094728,2003,11,21,0.0,64.03999999999999,42.980000000000004,73.94,50.398848920863315,15.98,37.73151079136691,3.2795293300000004,4.18110462,3.5620430859630616,2003-11-21 00:00:00
46695,USW00094728,2003,11,22,0.0,60.08,46.94,71.96000000000001,50.07251798561151,12.920000000000002,38.57582733812949,3.2795293300000004,4.18110462,3.5620430859630616,2003-11-22 00:00:00
46696,USW00094728,2003,11,23,0.0,55.04,42.980000000000004,71.96000000000001,49.510503597122295,14.0,37.37280575539568,3.2795293300000004,4.18110462,3.5620430859630616,2003-11-23 00:00:00
46697,USW00094728,2003,11,24,0.16141741,57.019999999999996,44.06,73.03999999999999,49.1795652173913,14.0,36.82478260869565,3.4409467400000002,4.18110462,3.5620430859630616,2003-11-24 00:00:00
46698,USW00094728,2003,11,25,0.03149608,44.06,35.96,73.03999999999999,47.74805755395683,19.04,36.04546762589928,3.4724428200000004,4.18110462,3.5620430859630616,2003-11-25 00:00:00
46699,USW00094728,2003,11,26,0.0,46.94,35.96,66.92,48.64935251798561,15.98,36.314820143884894,3.4724428200000004,4.18110462,3.5620430859630616,2003-11-26 00:00:00
46700,USW00094728,2003,11,27,0.0,53.96,42.08,71.96000000000001,48.61309352517985,12.02,36.356258992805756,3.4724428200000004,4.18110462,3.5620430859630616,2003-11-27 00:00:00
46701,USW00094728,2003,11,28,0.7086618,60.980000000000004,51.08,69.97999999999999,48.53410071942446,15.080000000000002,36.424892086330935,4.18110462,4.18110462,3.5620430859630616,2003-11-28 00:00:00
46702,USW00094728,2003,11,29,0.0,51.08,39.019999999999996,69.08,47.33496402877697,15.98,35.040575539568344,4.18110462,4.18110462,3.5620430859630616,2003-11-29 00:00:00
46703,USW00094728,2003,11,30,0.0,48.92,37.04,69.97999999999999,46.19021582733813,12.02,34.553669064748206,4.18110462,4.18110462,3.5620430859630616,2003-11-30 00:00:00
46704,USW00094728,2003,12,1,0.0,51.08,35.06,69.97999999999999,45.37956834532374,10.940000000000001,32.915539568345324,0.0,5.425199780000001,3.650530378423863,2003-12-01 00:00:00
46705,USW00094728,2003,12,2,0.0,35.96,23.0,66.02,45.03640287769784,15.080000000000002,32.696690647482015,0.0,5.425199780000001,3.650530378423863,2003-12-02 00:00:00
46706,USW00094728,2003,12,3,0.0,30.92,21.02,69.08,45.76546762589928,8.96,33.23021582733813,0.0,5.425199780000001,3.650530378423863,2003-12-03 00:00:00
46707,USW00094728,2003,12,4,0.0,41.0,26.060000000000002,73.94,45.25654676258993,10.04,32.94273381294964,0.0,5.425199780000001,3.650530378423863,2003-12-04 00:00:00
46708,USW00094728,2003,12,5,0.5314963500000001,37.04,24.98,69.97999999999999,44.901726618705034,10.940000000000001,33.517697841726616,0.5314963500000001,5.425199780000001,3.650530378423863,2003-12-05 00:00:00
46709,USW00094728,2003,12,6,0.40157502000000006,28.04,23.0,71.06,45.51812949640288,3.9200000000000017,33.35064748201439,0.9330713700000002,5.425199780000001,3.650530378423863,2003-12-06 00:00:00
46710,USW00094728,2003,12,7,0.0,28.94,21.92,75.02,45.29798561151079,3.9200000000000017,32.25769784172662,0.9330713700000002,5.425199780000001,3.650530378423863,2003-12-07 00:00:00
46711,USW00094728,2003,12,8,0.0,37.04,23.0,64.94,44.11568345323741,3.9200000000000017,32.03107913669064,0.9330713700000002,5.425199780000001,3.650530378423863,2003-12-08 00:00:00
46712,USW00094728,2003,12,9,0.0,37.94,30.02,66.02,43.48374100719424,6.98,31.33956834532374,0.9330713700000002,5.425199780000001,3.650530378423863,2003-12-09 00:00:00
46713,USW00094728,2003,12,10,0.0,51.980000000000004,35.96,69.97999999999999,42.947625899280574,3.0199999999999996,31.62575539568345,0.9330713700000002,5.425199780000001,3.650530378423863,2003-12-10 00:00:00
46714,USW00094728,2003,12,11,0.94881941,57.92,39.92,64.03999999999999,41.92589928057554,6.080000000000002,31.26575539568345,1.8818907800000002,5.425199780000001,3.650530378423863,2003-12-11 00:00:00
46715,USW00094728,2003,12,12,0.0,41.0,33.98,68.0,42.410215827338135,5.0,31.265755395683456,1.8818907800000002,5.425199780000001,3.650530378423863,2003-12-12 00:00:00
46716,USW00094728,2003,12,13,0.0,33.98,28.94,64.03999999999999,43.417697841726614,8.060000000000002,31.146618705035973,1.8818907800000002,5.425199780000001,3.650530378423863,2003-12-13 00:00:00
46717,USW00094728,2003,12,14,1.5905520400000002,41.0,26.96,66.92,42.017841726618705,12.02,30.157266187050364,3.4724428200000004,5.425199780000001,3.650530378423863,2003-12-14 00:00:00
46718,USW00094728,2003,12,15,0.01181103,39.019999999999996,30.02,66.92,40.99482014388489,8.96,29.27798561151079,3.4842538500000004,5.425199780000001,3.650530378423863,2003-12-15 00:00:00
46719,USW00094728,2003,12,16,0.0,48.019999999999996,32.0,62.959999999999994,40.696978417266195,6.98,29.23136690647482,3.4842538500000004,5.425199780000001,3.650530378423863,2003-12-16 00:00:00
46720,USW00094728,2003,12,17,0.51968532,53.96,35.06,62.06,40.53640287769784,1.0400000000000027,29.118705035971228,4.003939170000001,5.425199780000001,3.650530378423863,2003-12-17 00:00:00
46721,USW00094728,2003,12,18,0.0,35.96,32.0,62.959999999999994,40.1388489208633,-0.9399999999999977,28.321007194244604,4.003939170000001,5.425199780000001,3.650530378423863,2003-12-18 00:00:00
46722,USW00094728,2003,12,19,0.0,35.06,30.02,57.92,39.42402877697842,-0.9399999999999977,28.15525179856115,4.003939170000001,5.425199780000001,3.650530378423863,2003-12-19 00:00:00
46723,USW00094728,2003,12,20,0.0,37.94,26.96,60.08,39.56388489208633,-4.0,27.953237410071942,4.003939170000001,5.425199780000001,3.650530378423863,2003-12-20 00:00:00
46724,USW00094728,2003,12,21,0.0,39.019999999999996,24.98,64.94,40.35251798561151,-0.9399999999999977,28.920575539568347,4.003939170000001,5.425199780000001,3.650530378423863,2003-12-21 00:00:00
46725,USW00094728,2003,12,22,0.0,51.980000000000004,35.96,71.06,40.763021582733806,6.98,29.293525179856115,4.003939170000001,5.425199780000001,3.650530378423863,2003-12-22 00:00:00
46726,USW00094728,2003,12,23,0.0,53.96,46.04,66.02,41.4273381294964,-0.9399999999999977,29.60820143884892,4.003939170000001,5.425199780000001,3.650530378423863,2003-12-23 00:00:00
46727,USW00094728,2003,12,24,1.42126061,55.94,46.04,62.959999999999994,40.90805755395684,6.080000000000002,29.433381294964025,5.425199780000001,5.425199780000001,3.650530378423863,2003-12-24 00:00:00
46728,USW00094728,2003,12,25,0.0,46.04,33.08,64.03999999999999,40.583021582733814,-0.9399999999999977,28.600719424460433,5.425199780000001,5.425199780000001,3.650530378423863,2003-12-25 00:00:00
46729,USW00094728,2003,12,26,0.0,42.08,30.92,62.959999999999994,39.11323741007194,3.0199999999999996,27.06359712230216,5.425199780000001,5.425199780000001,3.650530378423863,2003-12-26 00:00:00
46730,USW00094728,2003,12,27,0.0,51.980000000000004,37.94,62.959999999999994,38.52143884892086,6.98,27.20474820143885,5.425199780000001,5.425199780000001,3.650530378423863,2003-12-27 00:00:00
46731,USW00094728,2003,12,28,0.0,51.08,33.08,64.94,40.02748201438849,8.060000000000002,27.94158273381295,5.425199780000001,5.425199780000001,3.650530378423863,2003-12-28 00:00:00
46732,USW00094728,2003,12,29,0.0,53.96,37.94,69.97999999999999,39.366956521739134,-5.979999999999997,27.93640287769784,5.425199780000001,5.425199780000001,3.650530378423863,2003-12-29 00:00:00
46733,USW00094728,2003,12,30,0.0,51.980000000000004,39.92,64.94,39.290647482014386,-13.0,27.191798561151074,5.425199780000001,5.425199780000001,3.650530378423863,2003-12-30 00:00:00
46734,USW00094728,2003,12,31,0.0,46.04,37.04,62.959999999999994,39.42434782608695,-7.059999999999995,26.85489051094891,5.425199780000001,5.425199780000001,3.650530378423863,2003-12-31 00:00:00
